都道府県,スポット名,カテゴリ,説明,URL
北海道,N/A,N/A,N/A,N/A
北海道,N/A,N/A,N/A,N/A
北海道,N/A,N/A,N/A,N/A
北海道,N/A,N/A,N/A,N/A
北海道,N/A,N/A,N/A,N/A
青森県,N/A,N/A,N/A,N/A
青森県,N/A,N/A,N/A,N/A
青森県,N/A,N/A,N/A,N/A
青森県,N/A,N/A,N/A,N/A
青森県,N/A,N/A,N/A,N/A
岩手県,N/A,N/A,N/A,N/A
岩手県,N/A,N/A,N/A,N/A
岩手県,N/A,N/A,N/A,N/A
岩手県,N/A,N/A,N/A,N/A
岩手県,N/A,N/A,N/A,N/A
宮城県,N/A,N/A,N/A,N/A
宮城県,N/A,N/A,N/A,N/A
宮城県,N/A,N/A,N/A,N/A
宮城県,N/A,N/A,N/A,N/A
宮城県,N/A,N/A,N/A,N/A
秋田県,N/A,N/A,N/A,N/A
秋田県,N/A,N/A,N/A,N/A
秋田県,N/A,N/A,N/A,N/A
秋田県,N/A,N/A,N/A,N/A
秋田県,N/A,N/A,N/A,N/A
山形県,N/A,N/A,N/A,N/A
山形県,N/A,N/A,N/A,N/A
山形県,N/A,N/A,N/A,N/A
山形県,N/A,N/A,N/A,N/A
山形県,N/A,N/A,N/A,N/A
福島県,N/A,N/A,N/A,N/A
福島県,N/A,N/A,N/A,N/A
福島県,N/A,N/A,N/A,N/A
福島県,N/A,N/A,N/A,N/A
福島県,N/A,N/A,N/A,N/A
茨城県,N/A,N/A,N/A,N/A
茨城県,N/A,N/A,N/A,N/A
茨城県,N/A,N/A,N/A,N/A
茨城県,N/A,N/A,N/A,N/A
茨城県,N/A,N/A,N/A,N/A
栃木県,N/A,N/A,N/A,N/A
栃木県,N/A,N/A,N/A,N/A
栃木県,N/A,N/A,N/A,N/A
栃木県,N/A,N/A,N/A,N/A
栃木県,N/A,N/A,N/A,N/A
群馬県,N/A,N/A,N/A,N/A
群馬県,N/A,N/A,N/A,N/A
群馬県,N/A,N/A,N/A,N/A
群馬県,N/A,N/A,N/A,N/A
群馬県,N/A,N/A,N/A,N/A
埼玉県,N/A,N/A,N/A,N/A
埼玉県,N/A,N/A,N/A,N/A
埼玉県,N/A,N/A,N/A,N/A
埼玉県,N/A,N/A,N/A,N/A
埼玉県,N/A,N/A,N/A,N/A
千葉県,N/A,N/A,N/A,N/A
千葉県,N/A,N/A,N/A,N/A
千葉県,N/A,N/A,N/A,N/A
千葉県,N/A,N/A,N/A,N/A
千葉県,N/A,N/A,N/A,N/A
東京都,N/A,N/A,N/A,N/A
東京都,N/A,N/A,N/A,N/A
東京都,N/A,N/A,N/A,N/A
東京都,N/A,N/A,N/A,N/A
東京都,N/A,N/A,N/A,N/A
神奈川県,N/A,N/A,N/A,N/A
神奈川県,N/A,N/A,N/A,N/A
神奈川県,N/A,N/A,N/A,N/A
神奈川県,N/A,N/A,N/A,N/A
神奈川県,N/A,N/A,N/A,N/A
新潟県,N/A,N/A,N/A,N/A
新潟県,N/A,N/A,N/A,N/A
新潟県,N/A,N/A,N/A,N/A
新潟県,N/A,N/A,N/A,N/A
新潟県,N/A,N/A,N/A,N/A
富山県,N/A,N/A,N/A,N/A
富山県,N/A,N/A,N/A,N/A
富山県,N/A,N/A,N/A,N/A
富山県,N/A,N/A,N/A,N/A
富山県,N/A,N/A,N/A,N/A
石川県,N/A,N/A,N/A,N/A
石川県,N/A,N/A,N/A,N/A
石川県,N/A,N/A,N/A,N/A
石川県,N/A,N/A,N/A,N/A
石川県,N/A,N/A,N/A,N/A
福井県,N/A,N/A,N/A,N/A
福井県,N/A,N/A,N/A,N/A
福井県,N/A,N/A,N/A,N/A
福井県,N/A,N/A,N/A,N/A
福井県,N/A,N/A,N/A,N/A
山梨県,N/A,N/A,N/A,N/A
山梨県,N/A,N/A,N/A,N/A
山梨県,N/A,N/A,N/A,N/A
山梨県,N/A,N/A,N/A,N/A
山梨県,N/A,N/A,N/A,N/A
長野県,N/A,N/A,N/A,N/A
長野県,N/A,N/A,N/A,N/A
長野県,N/A,N/A,N/A,N/A
長野県,N/A,N/A,N/A,N/A
長野県,N/A,N/A,N/A,N/A
岐阜県,N/A,N/A,N/A,N/A
岐阜県,N/A,N/A,N/A,N/A
岐阜県,N/A,N/A,N/A,N/A
岐阜県,N/A,N/A,N/A,N/A
岐阜県,N/A,N/A,N/A,N/A
静岡県,N/A,N/A,N/A,N/A
静岡県,N/A,N/A,N/A,N/A
静岡県,N/A,N/A,N/A,N/A
静岡県,N/A,N/A,N/A,N/A
静岡県,N/A,N/A,N/A,N/A
愛知県,N/A,N/A,N/A,N/A
愛知県,N/A,N/A,N/A,N/A
愛知県,N/A,N/A,N/A,N/A
愛知県,N/A,N/A,N/A,N/A
愛知県,N/A,N/A,N/A,N/A
三重県,N/A,N/A,N/A,N/A
三重県,N/A,N/A,N/A,N/A
三重県,N/A,N/A,N/A,N/A
三重県,N/A,N/A,N/A,N/A
三重県,N/A,N/A,N/A,N/A
滋賀県,N/A,N/A,N/A,N/A
滋賀県,N/A,N/A,N/A,N/A
滋賀県,N/A,N/A,N/A,N/A
滋賀県,N/A,N/A,N/A,N/A
滋賀県,N/A,N/A,N/A,N/A
京都府,N/A,N/A,N/A,N/A
京都府,N/A,N/A,N/A,N/A
京都府,N/A,N/A,N/A,N/A
京都府,N/A,N/A,N/A,N/A
京都府,N/A,N/A,N/A,N/A
大阪府,N/A,N/A,N/A,N/A
大阪府,N/A,N/A,N/A,N/A
大阪府,N/A,N/A,N/A,N/A
大阪府,N/A,N/A,N/A,N/A
大阪府,N/A,N/A,N/A,N/A
兵庫県,N/A,N/A,N/A,N/A
兵庫県,N/A,N/A,N/A,N/A
兵庫県,N/A,N/A,N/A,N/A
兵庫県,N/A,N/A,N/A,N/A
兵庫県,N/A,N/A,N/A,N/A
奈良県,N/A,N/A,N/A,N/A
奈良県,N/A,N/A,N/A,N/A
奈良県,N/A,N/A,N/A,N/A
奈良県,N/A,N/A,N/A,N/A
奈良県,N/A,N/A,N/A,N/A
和歌山県,N/A,N/A,N/A,N/A
和歌山県,N/A,N/A,N/A,N/A
和歌山県,N/A,N/A,N/A,N/A
和歌山県,N/A,N/A,N/A,N/A
和歌山県,N/A,N/A,N/A,N/A
鳥取県,N/A,N/A,N/A,N/A
鳥取県,N/A,N/A,N/A,N/A
鳥取県,N/A,N/A,N/A,N/A
鳥取県,N/A,N/A,N/A,N/A
鳥取県,N/A,N/A,N/A,N/A
島根県,N/A,N/A,N/A,N/A
島根県,N/A,N/A,N/A,N/A
島根県,N/A,N/A,N/A,N/A
島根県,N/A,N/A,N/A,N/A
島根県,N/A,N/A,N/A,N/A
岡山県,N/A,N/A,N/A,N/A
岡山県,N/A,N/A,N/A,N/A
岡山県,N/A,N/A,N/A,N/A
岡山県,N/A,N/A,N/A,N/A
岡山県,N/A,N/A,N/A,N/A
山口県,N/A,N/A,N/A,N/A
山口県,N/A,N/A,N/A,N/A
山口県,N/A,N/A,N/A,N/A
山口県,N/A,N/A,N/A,N/A
山口県,N/A,N/A,N/A,N/A
徳島県,N/A,N/A,N/A,N/A
徳島県,N/A,N/A,N/A,N/A
徳島県,N/A,N/A,N/A,N/A
徳島県,N/A,N/A,N/A,N/A
徳島県,N/A,N/A,N/A,N/A
香川県,N/A,N/A,N/A,N/A
香川県,N/A,N/A,N/A,N/A
香川県,N/A,N/A,N/A,N/A
香川県,N/A,N/A,N/A,N/A
香川県,N/A,N/A,N/A,N/A
愛媛県,N/A,N/A,N/A,N/A
愛媛県,N/A,N/A,N/A,N/A
愛媛県,N/A,N/A,N/A,N/A
愛媛県,N/A,N/A,N/A,N/A
愛媛県,N/A,N/A,N/A,N/A
福岡県,N/A,N/A,N/A,N/A
福岡県,N/A,N/A,N/A,N/A
福岡県,N/A,N/A,N/A,N/A
福岡県,N/A,N/A,N/A,N/A
福岡県,N/A,N/A,N/A,N/A
佐賀県,N/A,N/A,N/A,N/A
佐賀県,N/A,N/A,N/A,N/A
佐賀県,N/A,N/A,N/A,N/A
佐賀県,N/A,N/A,N/A,N/A
佐賀県,N/A,N/A,N/A,N/A
長崎県,N/A,N/A,N/A,N/A
長崎県,N/A,N/A,N/A,N/A
長崎県,N/A,N/A,N/A,N/A
長崎県,N/A,N/A,N/A,N/A
長崎県,N/A,N/A,N/A,N/A
熊本県,N/A,N/A,N/A,N/A
熊本県,N/A,N/A,N/A,N/A
熊本県,N/A,N/A,N/A,N/A
熊本県,N/A,N/A,N/A,N/A
熊本県,N/A,N/A,N/A,N/A
大分県,N/A,N/A,N/A,N/A
大分県,N/A,N/A,N/A,N/A
大分県,N/A,N/A,N/A,N/A
大分県,N/A,N/A,N/A,N/A
大分県,N/A,N/A,N/A,N/A
宮崎県,N/A,N/A,N/A,N/A
宮崎県,N/A,N/A,N/A,N/A
宮崎県,N/A,N/A,N/A,N/A
宮崎県,N/A,N/A,N/A,N/A
宮崎県,N/A,N/A,N/A,N/A
鹿児島県,N/A,N/A,N/A,N/A
鹿児島県,N/A,N/A,N/A,N/A
鹿児島県,N/A,N/A,N/A,N/A
鹿児島県,N/A,N/A,N/A,N/A
鹿児島県,N/A,N/A,N/A,N/A
沖縄県,N/A,N/A,N/A,N/A
沖縄県,N/A,N/A,N/A,N/A
沖縄県,N/A,N/A,N/A,N/A
沖縄県,N/A,N/A,N/A,N/A
沖縄県,N/A,N/A,N/A,N/A
